id,parent_rec_id,sample_no,source,signal_date,ticker,stop_pct,status,r_multiple,pct_return,exit_date,exit_reason
2026-10-08_CRM_B1,2026-10-08_CRM,1,live,2026-10-08,ALM,0.03314718139942961,pending,,,,
2026-10-08_CRM_B2,2026-10-08_CRM,2,live,2026-10-08,FCX,0.03314718139942961,pending,,,,
2026-10-08_CRM_B3,2026-10-08_CRM,3,live,2026-10-08,BOX,0.03314718139942961,pending,,,,
2026-10-08_DOCU_B1,2026-10-08_DOCU,1,live,2026-10-08,NCLH,0.1096860798433895,pending,,,,
2026-10-08_DOCU_B2,2026-10-08_DOCU,2,live,2026-10-08,MMS,0.1096860798433895,pending,,,,
2026-10-08_DOCU_B3,2026-10-08_DOCU,3,live,2026-10-08,PBR,0.1096860798433895,pending,,,,
2026-10-08_FIVN_B1,2026-10-08_FIVN,1,live,2026-10-08,UPS,0.08078775857183336,pending,,,,
2026-10-08_FIVN_B2,2026-10-08_FIVN,2,live,2026-10-08,HIW,0.08078775857183336,pending,,,,
2026-10-08_FIVN_B3,2026-10-08_FIVN,3,live,2026-10-08,MSGS,0.08078775857183336,pending,,,,
2026-10-08_MANH_B1,2026-10-08_MANH,1,live,2026-10-08,ROIV,0.052648933088732246,pending,,,,
2026-10-08_MANH_B2,2026-10-08_MANH,2,live,2026-10-08,BUSE,0.052648933088732246,pending,,,,
2026-10-08_MANH_B3,2026-10-08_MANH,3,live,2026-10-08,VKTX,0.052648933088732246,pending,,,,
2026-10-08_MATX_B1,2026-10-08_MATX,1,live,2026-10-08,CSW,0.04720078912757566,pending,,,,
2026-10-08_MATX_B2,2026-10-08_MATX,2,live,2026-10-08,TFII,0.04720078912757566,pending,,,,
2026-10-08_MATX_B3,2026-10-08_MATX,3,live,2026-10-08,VICI,0.04720078912757566,pending,,,,
2026-10-08_PAYC_B1,2026-10-08_PAYC,1,live,2026-10-08,CPRT,0.08131519569556542,pending,,,,
2026-10-08_PAYC_B2,2026-10-08_PAYC,2,live,2026-10-08,AGI,0.08131519569556542,pending,,,,
2026-10-08_PAYC_B3,2026-10-08_PAYC,3,live,2026-10-08,TFC,0.08131519569556542,pending,,,,
2026-10-08_SBLK_B1,2026-10-08_SBLK,1,live,2026-10-08,TEX,0.05469528178243774,pending,,,,
2026-10-08_SBLK_B2,2026-10-08_SBLK,2,live,2026-10-08,COR,0.05469528178243774,pending,,,,
2026-10-08_SBLK_B3,2026-10-08_SBLK,3,live,2026-10-08,VNOM,0.05469528178243774,pending,,,,
2026-10-08_SKWD_B1,2026-10-08_SKWD,1,live,2026-10-08,CTVA,0.048504690025157934,pending,,,,
2026-10-08_SKWD_B2,2026-10-08_SKWD,2,live,2026-10-08,REPL,0.048504690025157934,pending,,,,
2026-10-08_SKWD_B3,2026-10-08_SKWD,3,live,2026-10-08,TNET,0.048504690025157934,pending,,,,
