accession,cik,ticker,form,filed_date,acceptance_datetime,items,processed
0000004962-26-000376,0000004962,AXP,8-K,2026-10-08,2026-10-08T16:38:48,7.01,1
0000008947-26-000181,0000008947,AZZ,8-K,2026-10-08,2026-10-08T16:39:15,"8.01,9.01",1
0000051434-26-000140,0000051434,IP,8-K,2026-10-08,2026-10-08T17:00:36,9.01,1
0000077476-26-000050,0000077476,PEP,8-K,2026-10-08,2026-10-07T17:57:44,"2.02,9.01",1
0000078890-26-000063,0000078890,BCO,8-K,2026-10-08,2026-10-08T06:00:54,"8.01,9.01",1
0000313143-26-000138,0000313143,HAE,8-K,2026-10-08,2026-10-08T06:15:19,7.01,1
0000759944-26-000192,0000759944,CFG,8-K,2026-10-08,2026-10-08T16:54:27,"5.03,9.01",1
0000789570-26-000094,0000789570,MGM,4,2026-10-08,2026-10-08T18:34:44,,1
0000789570-26-000095,0000789570,MGM,4,2026-10-08,2026-10-08T18:36:26,,1
0000789570-26-000096,0000789570,MGM,4,2026-10-08,2026-10-08T18:38:15,,1
0000789570-26-000097,0000789570,MGM,4,2026-10-08,2026-10-08T18:40:47,,1
0000789570-26-000098,0000789570,MGM,4,2026-10-08,2026-10-08T18:44:07,,1
0000789570-26-000099,0000789570,MGM,4,2026-10-08,2026-10-08T18:46:12,,1
0000793074-26-000159,0000793074,WERN,8-K,2026-10-08,2026-10-08T16:05:44,"1.01,1.02,2.03,9.01",1
0000821189-26-000202,0000821189,EOG,8-K,2026-10-08,2026-10-08T16:17:30,2.02,1
0000849399-26-000075,0000849399,GEN,4,2026-10-08,2026-10-08T17:24:16,,1
0000895345-26-000454,0002041610,SKYD,4,2026-10-08,2026-10-08T16:01:08,,1
0000897069-26-001824,0000886128,FCEL,4,2026-10-08,2026-10-08T17:06:13,,1
0000900729-26-000019,0000006281,ADI,4,2026-10-08,2026-10-08T16:29:03,,1
0000943819-26-000085,0000943819,RMD,4,2026-10-08,2026-10-08T17:31:36,,1
0000950103-26-015392,0001845815,PAYO,8-K,2026-10-08,2026-10-08T16:31:44,5.02,1
0001020569-26-000077,0001020569,IRM,4,2026-10-08,2026-10-08T16:10:23,,1
0001021635-26-000031,0001021635,OGE,8-K,2026-10-08,2026-10-08T16:31:40,5.02,1
0001046179-26-000672,0001046179,TSM,4,2026-10-08,2026-10-08T06:11:51,,1
0001046179-26-000673,0001046179,TSM,4,2026-10-08,2026-10-08T06:11:58,,1
0001046179-26-000674,0001046179,TSM,4,2026-10-08,2026-10-08T06:12:05,,1
0001046179-26-000675,0001046179,TSM,4,2026-10-08,2026-10-08T06:12:12,,1
0001046179-26-000676,0001046179,TSM,4,2026-10-08,2026-10-08T06:12:18,,1
0001046179-26-000677,0001046179,TSM,4,2026-10-08,2026-10-08T06:12:25,,1
0001046179-26-000678,0001046179,TSM,4,2026-10-08,2026-10-08T06:12:32,,1
0001046179-26-000679,0001046179,TSM,4,2026-10-08,2026-10-08T06:12:39,,1
0001046179-26-000684,0001046179,TSM,4,2026-10-08,2026-10-08T06:17:39,,1
0001046179-26-000685,0001046179,TSM,4,2026-10-08,2026-10-08T06:17:46,,1
0001046179-26-000686,0001046179,TSM,4,2026-10-08,2026-10-08T06:17:51,,1
0001046179-26-000690,0001046179,TSM,4,2026-10-08,2026-10-08T06:21:11,,1
0001046179-26-000691,0001046179,TSM,4,2026-10-08,2026-10-08T06:21:17,,1
0001046179-26-000692,0001046179,TSM,4,2026-10-08,2026-10-08T06:21:25,,1
0001046179-26-000696,0001046179,TSM,4,2026-10-08,2026-10-08T06:24:49,,1
0001046179-26-000697,0001046179,TSM,4,2026-10-08,2026-10-08T06:24:56,,1
0001046179-26-000698,0001046179,TSM,4,2026-10-08,2026-10-08T06:25:04,,1
0001046179-26-000702,0001046179,TSM,4,2026-10-08,2026-10-08T06:27:14,,1
0001046179-26-000703,0001046179,TSM,4,2026-10-08,2026-10-08T06:27:22,,1
0001046179-26-000704,0001046179,TSM,4,2026-10-08,2026-10-08T06:27:28,,1
0001046179-26-000708,0001046179,TSM,4,2026-10-08,2026-10-08T06:30:04,,1
0001046179-26-000709,0001046179,TSM,4,2026-10-08,2026-10-08T06:30:10,,1
0001046179-26-000710,0001046179,TSM,4,2026-10-08,2026-10-08T06:30:17,,1
0001046179-26-000714,0001046179,TSM,4,2026-10-08,2026-10-08T06:32:22,,1
0001046179-26-000715,0001046179,TSM,4,2026-10-08,2026-10-08T06:32:29,,1
0001046179-26-000716,0001046179,TSM,4,2026-10-08,2026-10-08T06:32:36,,1
0001046179-26-000721,0001046179,TSM,4,2026-10-08,2026-10-08T06:35:40,,1
0001046179-26-000722,0001046179,TSM,4,2026-10-08,2026-10-08T06:35:46,,1
0001046179-26-000723,0001046179,TSM,4,2026-10-08,2026-10-08T06:35:53,,1
0001046179-26-000724,0001046179,TSM,4,2026-10-08,2026-10-08T06:35:58,,1
0001071739-26-000186,0001071739,CNC,8-K,2026-10-08,2026-10-08T10:21:27,8.01,1
0001104659-26-114556,0001046102,RBA,8-K,2026-10-08,2026-10-08T09:00:16,"5.02,7.01,9.01",1
0001104659-26-114571,0001396814,PCRX,8-K,2026-10-08,2026-10-08T09:24:36,"1.01,7.01,9.01",1
0001104659-26-114718,0001422183,FSK,8-K,2026-10-08,2026-10-08T16:30:53,"7.01,9.01",1
0001104659-26-114788,0000004977,AFL,4,2026-10-08,2026-10-08T20:29:07,,1
0001106578-26-000159,0001082554,UTHR,4,2026-10-08,2026-10-08T17:28:35,,1
0001140361-26-039024,0001792044,VTRS,8-K,2026-10-08,2026-10-08T08:38:03,"1.01,8.01,9.01",1
0001140361-26-039154,0001724965,TALO,4,2026-10-08,2026-10-08T17:58:33,,1
0001140361-26-039158,0000320193,AAPL,4,2026-10-08,2026-10-08T18:30:32,,1
0001159036-26-000139,0001159036,HALO,4/A,2026-10-08,2026-10-08T19:55:35,,1
0001159036-26-000140,0001159036,HALO,4,2026-10-08,2026-10-08T19:56:19,,1
0001164644-26-000004,0000017843,CRS,4,2026-10-08,2026-10-08T16:30:34,,1
0001171843-26-006528,0001173420,NG,8-K,2026-10-08,2026-10-08T08:00:36,"2.02,9.01",1
0001177609-26-000065,0001177609,FIVE,4,2026-10-08,2026-10-08T17:35:02,,1
0001177609-26-000066,0001177609,FIVE,4,2026-10-08,2026-10-08T17:35:28,,1
0001193125-26-417188,0000040533,GD,8-K,2026-10-08,2026-10-07T20:00:39,"5.02,9.01",1
0001193125-26-417354,0001137774,PFH,8-K,2026-10-08,2026-10-08T06:02:17,"7.01,9.01",1
0001193125-26-417409,0001000228,HSIC,8-K,2026-10-08,2026-10-08T07:00:07,"5.02,7.01,9.01",1
0001193125-26-417595,0001068851,PB,4,2026-10-08,2026-10-08T11:09:37,,1
0001193125-26-417702,0000056047,KEX,8-K,2026-10-08,2026-10-08T12:28:04,5.02,1
0001193125-26-417841,0001046102,RBA,4,2026-10-08,2026-10-08T14:57:13,,1
0001193125-26-417912,0001286681,DPZ,8-K,2026-10-08,2026-10-08T16:04:41,5.02,1
0001193125-26-417937,0000749251,IT,8-K,2026-10-08,2026-10-08T16:15:37,5.02,1
0001193125-26-417944,0001090012,DVN,8-K,2026-10-08,2026-10-08T16:18:25,"7.01,8.01,9.01",1
0001193125-26-417967,0001571996,DELL,4,2026-10-08,2026-10-08T16:30:15,,1
0001193125-26-417968,0001571996,DELL,4,2026-10-08,2026-10-08T16:30:21,,1
0001193125-26-417972,0001571996,DELL,4,2026-10-08,2026-10-08T16:30:08,,1
0001193125-26-417973,0001889539,CRBG,4,2026-10-08,2026-10-08T16:30:14,,1
0001193125-26-417975,0001571996,DELL,4,2026-10-08,2026-10-08T16:30:13,,1
0001193125-26-417976,0001571996,DELL,4,2026-10-08,2026-10-08T16:30:18,,1
0001193125-26-417979,0000923796,GEO,8-K,2026-10-08,2026-10-08T16:31:18,"1.01,2.03,7.01,8.01,9.01",1
0001193125-26-417980,0000017843,CRS,8-K,2026-10-08,2026-10-08T16:31:22,5.07,1
0001193125-26-417983,0001126956,SR,8-K,2026-10-08,2026-10-08T16:34:11,"8.01,9.01",1
0001193125-26-418024,0001618732,NTNX,4,2026-10-08,2026-10-08T16:50:14,,1
0001193125-26-418032,0000912615,URBN,4,2026-10-08,2026-10-08T16:54:14,,1
0001193125-26-418034,0000912615,URBN,4,2026-10-08,2026-10-08T16:54:36,,1
0001193125-26-418053,0001789832,HESM,8-K,2026-10-08,2026-10-08T17:06:47,"1.01,5.02,7.01,8.01,9.01",1
0001193125-26-418094,0001812364,RLAY,4,2026-10-08,2026-10-08T17:29:11,,1
0001193125-26-418096,0001812364,RLAY,4,2026-10-08,2026-10-08T17:29:22,,1
0001193125-26-418101,0001674416,CRSP,4,2026-10-08,2026-10-08T17:35:03,,1
0001193125-26-418151,0000920760,LEN,4,2026-10-08,2026-10-08T18:28:53,,1
0001193125-26-418153,0000920760,LEN,4,2026-10-08,2026-10-08T18:32:02,,1
0001193125-26-418158,0000920760,LEN,4,2026-10-08,2026-10-08T18:34:37,,1
0001193125-26-418161,0000920760,LEN,4,2026-10-08,2026-10-08T18:37:11,,1
0001193125-26-418166,0000920760,LEN,4,2026-10-08,2026-10-08T18:40:44,,1
0001193125-26-418168,0000920760,LEN,4,2026-10-08,2026-10-08T18:43:16,,1
0001193125-26-418171,0002041610,SKYD,4,2026-10-08,2026-10-08T18:46:10,,1
0001193125-26-418176,0000920760,LEN,4,2026-10-08,2026-10-08T18:47:33,,1
0001193125-26-418179,0000920760,LEN,4,2026-10-08,2026-10-08T18:51:44,,1
0001193125-26-418184,0001985487,KSPI,4,2026-10-08,2026-10-08T19:02:01,,1
0001201917-26-000004,0001510599,PDI,4,2026-10-08,2026-10-08T16:05:06,,1
0001218733-26-000008,0000017843,CRS,4,2026-10-08,2026-10-08T16:22:53,,1
0001225208-26-008325,0000039368,FUL,4,2026-10-08,2026-10-08T11:26:56,,1
0001225208-26-008327,0000940944,DRI,4,2026-10-08,2026-10-08T12:20:25,,1
0001225208-26-008332,0002041610,SKYD,4,2026-10-08,2026-10-08T17:17:04,,1
0001225208-26-008333,0002041610,SKYD,4,2026-10-08,2026-10-08T17:17:05,,1
0001225208-26-008334,0002041610,SKYD,4,2026-10-08,2026-10-08T17:18:06,,1
0001225208-26-008335,0002041610,SKYD,4,2026-10-08,2026-10-08T17:19:07,,1
0001225208-26-008338,0001099800,EW,4,2026-10-08,2026-10-08T17:24:27,,1
0001225208-26-008340,0002041610,SKYD,4,2026-10-08,2026-10-08T17:30:35,,1
0001261013-26-000002,0000017843,CRS,4,2026-10-08,2026-10-08T16:25:50,,1
0001279714-26-000031,0002030781,SAIL,4,2026-10-08,2026-10-08T17:01:57,,1
0001292814-26-004870,0001471055,BSBR,4,2026-10-08,2026-10-08T17:43:15,,1
0001298946-26-000043,0001298946,DRH,8-K,2026-10-08,2026-10-08T07:44:15,"7.01,8.01,9.01",1
0001309192-26-000013,0001441683,APPN,4,2026-10-08,2026-10-08T16:13:28,,1
0001332349-26-000068,0001332349,BKD,8-K,2026-10-08,2026-10-08T16:19:01,"2.02,7.01,9.01",1
0001333565-26-000008,0000017843,CRS,4,2026-10-08,2026-10-08T16:14:35,,1
0001375365-26-000023,0001375365,SMCI,8-K,2026-10-08,2026-10-08T16:31:30,"5.02,9.01",1
0001396440-26-000104,0001396440,MAIN,8-K,2026-10-08,2026-10-08T09:30:28,"2.02,9.01",1
0001406666-26-000038,0001406666,CALX,8-K,2026-10-08,2026-10-08T16:10:23,"8.01,9.01",1
0001437749-26-032381,0001777921,AVPT,4,2026-10-08,2026-10-08T16:56:48,,1
0001439598-26-000006,0001616533,PENG,4,2026-10-08,2026-10-08T16:47:54,,1
0001474432-26-000099,0001474432,P,4,2026-10-08,2026-10-08T16:06:56,,1
0001491154-26-000008,0001326160,DUK,4,2026-10-08,2026-10-08T16:40:28,,1
0001539838-26-000177,0001539838,FANG,8-K,2026-10-08,2026-10-08T16:01:20,2.02,1
0001555280-26-000042,0001555280,ZTS,8-K,2026-10-08,2026-10-08T16:16:32,"7.01,9.01",1
0001564708-26-000218,0001564708,NWS,8-K,2026-10-08,2026-10-07T20:29:29,"8.01,9.01",1
0001581760-26-000169,0001581760,LIF,4,2026-10-08,2026-10-08T18:09:44,,1
0001596532-26-000239,0001596532,ANET,4,2026-10-08,2026-10-08T19:18:17,,1
0001596532-26-000240,0001596532,ANET,4,2026-10-08,2026-10-08T19:18:31,,1
0001610717-26-000434,0001676725,IDYA,4,2026-10-08,2026-10-08T19:03:44,,1
0001614838-26-000024,0001428336,HQY,4,2026-10-08,2026-10-08T18:08:00,,1
0001628280-26-065383,0001786842,VNT,8-K,2026-10-08,2026-10-08T07:00:20,5.02,1
0001628280-26-065385,0001866175,CRGY,8-K,2026-10-08,2026-10-08T07:08:23,"1.01,2.02,7.01,8.01,9.01",1
0001628280-26-065408,0001706431,VIR,8-K,2026-10-08,2026-10-08T08:38:38,"8.01,9.01",1
0001628280-26-065454,0001466258,TT,4,2026-10-08,2026-10-08T16:11:42,,1
0001628280-26-065459,0001280784,HCXY,8-K,2026-10-08,2026-10-08T16:19:12,"1.01,2.03,8.01,9.01",1
0001628280-26-065462,0000730272,RGEN,4,2026-10-08,2026-10-08T16:40:07,,1
0001628280-26-065469,0001441816,MDB,4,2026-10-08,2026-10-08T17:11:14,,1
0001628280-26-065470,0001832466,ALHC,8-K,2026-10-08,2026-10-08T17:13:20,7.01,1
0001638683-26-000020,0001428336,HQY,4,2026-10-08,2026-10-08T17:56:35,,1
0001662991-26-000165,0001662991,SEZL,8-K,2026-10-08,2026-10-08T16:17:25,"2.02,9.01",1
0001666138-26-000039,0001666138,ATKR,8-K,2026-10-08,2026-10-08T16:34:16,"7.01,9.01",1
0001683056-26-000024,0001428336,HQY,4,2026-10-08,2026-10-08T19:55:27,,1
0001688603-26-000007,0000017843,CRS,4,2026-10-08,2026-10-08T16:17:18,,1
0001694672-26-000004,0001748790,AMCR,4,2026-10-08,2026-10-08T16:02:39,,1
0001715537-26-000018,0001428336,HQY,4,2026-10-08,2026-10-08T17:48:44,,1
0001722498-26-000034,0002030781,SAIL,4,2026-10-08,2026-10-08T17:05:15,,1
0001743079-26-000004,0000017843,CRS,4,2026-10-08,2026-10-08T16:32:54,,1
0001768369-26-000002,0000017843,CRS,4,2026-10-08,2026-10-08T16:10:27,,1
0001768623-26-000008,0000017843,CRS,4,2026-10-08,2026-10-08T16:20:17,,1
0001769628-26-000446,0001769628,CRWV,4,2026-10-08,2026-10-08T18:00:20,,1
0001769628-26-000447,0001769628,CRWV,4,2026-10-08,2026-10-08T18:01:46,,1
0001773371-26-000004,0000899689,VNO,4,2026-10-08,2026-10-08T16:30:27,,1
0001778564-26-000179,0001535527,CRWD,4,2026-10-08,2026-10-08T20:00:07,,1
0001780664-26-000037,0001478320,ADPT,4,2026-10-08,2026-10-08T18:54:47,,1
0001786883-26-000033,0002030781,SAIL,4,2026-10-08,2026-10-08T17:00:22,,1
0001805284-26-000114,0001805284,RKT,4,2026-10-08,2026-10-08T16:10:36,,1
0001805284-26-000115,0001805284,RKT,4,2026-10-08,2026-10-08T16:10:46,,1
0001805284-26-000116,0001805284,RKT,4,2026-10-08,2026-10-08T16:10:53,,1
0001805284-26-000117,0001805284,RKT,4,2026-10-08,2026-10-08T16:10:59,,1
0001805284-26-000118,0001805284,RKT,4,2026-10-08,2026-10-08T16:11:05,,1
0001805284-26-000119,0001805284,RKT,4,2026-10-08,2026-10-08T16:11:11,,1
0001810845-26-000004,0001649749,FBK,4,2026-10-08,2026-10-08T18:34:33,,1
0001819810-26-000133,0001819810,RDW,8-K/A,2026-10-08,2026-10-08T16:37:06,5.07,1
0001820482-26-000033,0002030781,SAIL,4,2026-10-08,2026-10-08T16:53:49,,1
0001820885-26-000025,0001478320,ADPT,4,2026-10-08,2026-10-08T18:52:42,,1
0001821737-26-000016,0001640147,SNOW,4,2026-10-08,2026-10-08T18:13:17,,1
0001828400-26-000010,0000017843,CRS,4,2026-10-08,2026-10-08T16:28:32,,1
0001839931-26-000006,0001067294,CBRL,4,2026-10-08,2026-10-08T15:38:10,,1
0001880864-26-000028,0001782170,RELY,4,2026-10-08,2026-10-08T16:38:31,,1
0001886367-26-000027,0000104169,WMT,4,2026-10-08,2026-10-08T16:56:25,,1
0001887616-26-000024,0001819989,CIFR,4/A,2026-10-08,2026-10-08T18:57:41,,1
0001887623-26-000021,0001819989,CIFR,4/A,2026-10-08,2026-10-08T18:55:13,,1
0001887627-26-000012,0001819989,CIFR,4/A,2026-10-08,2026-10-08T18:56:03,,1
0001917246-26-000012,0002030781,SAIL,4,2026-10-08,2026-10-08T17:04:01,,1
0001940494-26-000008,0001692819,VST,4,2026-10-08,2026-10-08T19:44:42,,1
0001988473-26-000005,0001649749,FBK,4,2026-10-08,2026-10-08T18:35:55,,1
0002007855-26-000072,0002007855,VG,8-K,2026-10-08,2026-10-08T06:52:12,"7.01,9.01",1
0002016116-26-000024,0001428336,HQY,4,2026-10-08,2026-10-08T19:51:09,,1
0002018516-26-000005,0001649749,FBK,4,2026-10-08,2026-10-08T18:33:42,,1
0002039852-26-000125,0001295401,TBBK,8-K/A,2026-10-08,2026-10-08T16:05:36,"5.02,9.01",1
0002052444-26-000034,0002030781,SAIL,4,2026-10-08,2026-10-08T16:59:04,,1
0002058309-26-000019,0000104169,WMT,4,2026-10-08,2026-10-08T16:56:37,,1
0002058357-26-000033,0002030781,SAIL,4,2026-10-08,2026-10-08T16:55:45,,1
0002064832-26-000329,0001804176,BFLY,4,2026-10-08,2026-10-08T17:55:13,,1
0002076763-26-000011,0001428336,HQY,4,2026-10-08,2026-10-08T18:03:16,,1
0002090886-26-000010,0001819989,CIFR,4/A,2026-10-08,2026-10-08T18:56:55,,1
0002110304-26-000023,0000104169,WMT,4,2026-10-08,2026-10-08T16:56:18,,1
0002110643-26-000020,0000104169,WMT,4,2026-10-08,2026-10-08T16:56:31,,1
0002122411-26-000002,0000901832,AZN,4,2026-10-08,2026-10-08T07:12:26,,1
0002143073-26-000007,0000067347,MOD,4,2026-10-08,2026-10-08T12:19:04,,1
0002146790-26-000017,0001849056,OKLO,4,2026-10-08,2026-10-08T16:15:34,,1
0002153898-26-000002,0001477720,ASAN,4,2026-10-08,2026-10-08T20:52:57,,1
