accession,row_num,cik,ticker,insider_cik,insider_name,is_officer,is_director,is_ten_pct_owner,officer_title,trans_code,trans_date,shares,price,value,acquired_disposed,filed_date
0000789570-26-000094,1,0000789570,MGM,0002101319,Molino Ayesha Khanna,1,0,0,CHIEF OPERATING OFFICER,M,2026-10-07,3346.0,0.0,0.0,A,2026-10-08
0000789570-26-000094,2,0000789570,MGM,0002101319,Molino Ayesha Khanna,1,0,0,CHIEF OPERATING OFFICER,F,2026-10-07,1317.0,30.0,39510.0,D,2026-10-08
0000789570-26-000095,1,0000789570,MGM,0001832044,Meinert Todd,1,0,0,SVP & Chief Accounting Officer,M,2026-10-07,1379.0,0.0,0.0,A,2026-10-08
0000789570-26-000095,2,0000789570,MGM,0001832044,Meinert Todd,1,0,0,SVP & Chief Accounting Officer,F,2026-10-07,336.0,30.0,10080.0,D,2026-10-08
0000789570-26-000096,1,0000789570,MGM,0001440053,McManus John,1,0,0,CHIEF LEGAL ADMIN OFC AND SECY,M,2026-10-07,7299.0,0.0,0.0,A,2026-10-08
0000789570-26-000096,2,0000789570,MGM,0001440053,McManus John,1,0,0,CHIEF LEGAL ADMIN OFC AND SECY,F,2026-10-07,2873.0,30.0,86190.0,D,2026-10-08
0000789570-26-000097,1,0000789570,MGM,0001183302,HORNBUCKLE WILLIAM,1,1,0,CEO AND PRESIDENT,M,2026-10-07,32441.0,0.0,0.0,A,2026-10-08
0000789570-26-000097,2,0000789570,MGM,0001183302,HORNBUCKLE WILLIAM,1,1,0,CEO AND PRESIDENT,F,2026-10-07,12766.0,30.0,382980.0,D,2026-10-08
0000789570-26-000098,1,0000789570,MGM,0001371536,Halkyard Jonathan S,1,0,0,CHIEF FINANCIAL OFFICER,M,2026-10-07,8921.0,0.0,0.0,A,2026-10-08
0000789570-26-000098,2,0000789570,MGM,0001371536,Halkyard Jonathan S,1,0,0,CHIEF FINANCIAL OFFICER,F,2026-10-07,3511.0,30.0,105330.0,D,2026-10-08
0000789570-26-000099,1,0000789570,MGM,0001460260,Fritz Gary M,1,0,0,"President, Interactive",M,2026-10-07,12166.0,0.0,0.0,A,2026-10-08
0000789570-26-000099,2,0000789570,MGM,0001460260,Fritz Gary M,1,0,0,"President, Interactive",F,2026-10-07,4858.0,30.0,145740.0,D,2026-10-08
0000849399-26-000075,1,0000849399,GEN,0001573881,Hoskins Roche L Talbott,0,1,0,,A,2026-10-06,10966.0,0.0,0.0,A,2026-10-08
0000849399-26-000075,2,0000849399,GEN,0001573881,Hoskins Roche L Talbott,0,1,0,,A,2026-10-06,2030.0,22.8,46284.0,A,2026-10-08
0000895345-26-000454,1,0002041610,SKYD,0001447258,Cardinale Gerald J.,0,1,0,,A,2026-10-06,175000000.0,12.0,2100000000.0,A,2026-10-08
0000895345-26-000454,2,0002041610,SKYD,0001447258,Cardinale Gerald J.,0,1,0,,A,2026-10-06,158333333.0,12.0,1899999996.0,A,2026-10-08
0000897069-26-001824,1,0000886128,FCEL,0002051411,Achanta Shankar,1,0,0,"EVP, Chf. Product &Tech Ofc.",S,2026-10-06,2500.0,18.5,46250.0,D,2026-10-08
0000900729-26-000019,1,0000006281,ADI,0000900729,STATA RAY,0,1,0,,S,2026-10-06,100.0,418.3955,41839.55,D,2026-10-08
0000900729-26-000019,2,0000006281,ADI,0000900729,STATA RAY,0,1,0,,S,2026-10-06,428.0,419.4668,179531.79,D,2026-10-08
0000900729-26-000019,3,0000006281,ADI,0000900729,STATA RAY,0,1,0,,S,2026-10-06,702.0,420.3029,295052.64,D,2026-10-08
0000900729-26-000019,4,0000006281,ADI,0000900729,STATA RAY,0,1,0,,S,2026-10-06,186.0,421.2418,78350.97,D,2026-10-08
0000900729-26-000019,5,0000006281,ADI,0000900729,STATA RAY,0,1,0,,S,2026-10-07,333.0,405.569,135054.48,D,2026-10-08
0000900729-26-000019,6,0000006281,ADI,0000900729,STATA RAY,0,1,0,,S,2026-10-07,482.0,406.414,195891.55,D,2026-10-08
0000900729-26-000019,7,0000006281,ADI,0000900729,STATA RAY,0,1,0,,S,2026-10-07,228.0,407.2875,92861.55,D,2026-10-08
0000900729-26-000019,8,0000006281,ADI,0000900729,STATA RAY,0,1,0,,S,2026-10-07,48.0,409.2403,19643.53,D,2026-10-08
0000900729-26-000019,9,0000006281,ADI,0000900729,STATA RAY,0,1,0,,S,2026-10-07,234.0,410.0993,95963.24,D,2026-10-08
0000900729-26-000019,10,0000006281,ADI,0000900729,STATA RAY,0,1,0,,S,2026-10-07,65.0,411.1613,26725.48,D,2026-10-08
0000900729-26-000019,11,0000006281,ADI,0000900729,STATA RAY,0,1,0,,S,2026-10-07,26.0,412.1692,10716.4,D,2026-10-08
0000943819-26-000085,1,0000943819,RMD,0001485164,Farrell Michael J.,1,1,0,Chairman and CEO,M,2026-10-07,4991.0,146.34,730382.94,A,2026-10-08
0000943819-26-000085,2,0000943819,RMD,0001485164,Farrell Michael J.,1,1,0,Chairman and CEO,S,2026-10-07,4991.0,226.3349,1129637.49,D,2026-10-08
0001046179-26-000672,1,0001046179,TSM,0002114026,Chen Chih-Ho,1,0,0,Controller,P,2026-10-07,31.0,79.39,2461.09,A,2026-10-08
0001046179-26-000673,1,0001046179,TSM,0002114027,Chen Pei-Hung,1,0,0,VP,P,2026-10-07,43.0,79.39,3413.77,A,2026-10-08
0001046179-26-000674,1,0001046179,TSM,0002114029,Chuang Juiping,1,0,0,VP,P,2026-10-07,46.0,79.39,3651.94,A,2026-10-08
0001046179-26-000675,1,0001046179,TSM,0002113698,Fang Shu-Hua,1,0,0,SVP and GC,P,2026-10-07,53.0,79.39,4207.67,A,2026-10-08
0001046179-26-000676,1,0001046179,TSM,0002113710,Chang Tzonz-Sheng,1,0,0,SVP,P,2026-10-07,51.0,79.39,4048.89,A,2026-10-08
0001046179-26-000677,1,0001046179,TSM,0002117998,Chin Yung-Pei,1,0,0,EVP and Co-COO,P,2026-10-07,67.0,79.39,5319.13,A,2026-10-08
0001046179-26-000678,1,0001046179,TSM,0002113031,Cao Min,1,0,0,VP,P,2026-10-07,51.0,79.39,4048.89,A,2026-10-08
0001046179-26-000679,1,0001046179,TSM,0002114030,Chuang Tzu-Sou,1,0,0,VP,P,2026-10-07,46.0,79.39,3651.94,A,2026-10-08
0001046179-26-000684,1,0001046179,TSM,0002113771,He Jun,1,0,0,VP,P,2026-10-07,43.0,79.39,3413.77,A,2026-10-08
0001046179-26-000685,1,0001046179,TSM,0002114031,Hsu Kuo-Chin,1,0,0,VP,P,2026-10-07,52.0,79.39,4128.28,A,2026-10-08
0001046179-26-000686,1,0001046179,TSM,0002113680,Hou Yung-Chin,1,0,0,SVP and Deputy Co-COO,P,2026-10-07,60.0,79.39,4763.4,A,2026-10-08
0001046179-26-000690,1,0001046179,TSM,0002113688,Jang Syun-Ming,1,0,0,VP,P,2026-10-07,46.0,79.39,3651.94,A,2026-10-08
0001046179-26-000691,1,0001046179,TSM,0002113699,Huang Jen-Chau,1,0,0,SVP and CFO,P,2026-10-07,28.0,79.39,2222.92,A,2026-10-08
0001046179-26-000692,1,0001046179,TSM,0002114064,Hwang Yuan-Ko,1,0,0,VP,P,2026-10-07,39.0,79.39,3096.21,A,2026-10-08
0001046179-26-000696,1,0001046179,TSM,0002135989,Ku Yao-Ching,1,0,0,VP,P,2026-10-07,46.0,79.39,3651.94,A,2026-10-08
0001046179-26-000697,1,0001046179,TSM,0002113739,Lee Chun-Hsien,1,0,0,SVP,P,2026-10-07,51.0,79.39,4048.89,A,2026-10-08
0001046179-26-000698,1,0001046179,TSM,0002113756,Lin Chris Horng-Dar,1,0,0,VP and CIO,P,2026-10-07,44.0,79.39,3493.16,A,2026-10-08
0001046179-26-000702,1,0001046179,TSM,0002114025,Lin Shyue-Shyh,1,0,0,VP,P,2026-10-07,44.0,79.39,3493.16,A,2026-10-08
0001046179-26-000703,1,0001046179,TSM,0002114032,Lu Lee-Chung,1,0,0,VP,P,2026-10-07,49.0,79.39,3890.11,A,2026-10-08
0001046179-26-000704,1,0001046179,TSM,0002135942,Lu Chin-Sheng,1,0,0,VP,P,2026-10-07,36.0,79.39,2858.04,A,2026-10-08
0001046179-26-000708,1,0001046179,TSM,0002114023,Tien Bor-Zen,1,0,0,VP,P,2026-10-07,40.0,79.39,3175.6,A,2026-10-08
0001046179-26-000708,2,0001046179,TSM,0002114023,Tien Bor-Zen,1,0,0,VP,P,2026-10-07,7.0,79.39,555.73,A,2026-10-08
0001046179-26-000709,1,0001046179,TSM,0002113729,Mii Yuh-Jier,1,0,0,EVP and Co-COO,P,2026-10-07,68.0,79.39,5398.52,A,2026-10-08
0001046179-26-000710,1,0001046179,TSM,0002118010,Wang Ying-Lang,1,0,0,SVP,P,2026-10-07,52.0,79.39,4128.28,A,2026-10-08
0001046179-26-000714,1,0001046179,TSM,0002136731,Wu Yi-Huang,1,0,0,VP,P,2026-10-07,39.0,79.39,3096.21,A,2026-10-08
0001046179-26-000715,1,0001046179,TSM,0002113717,Wei Che-Chia,1,1,0,Chairman and CEO,P,2026-10-07,144.0,79.39,11432.16,A,2026-10-08
0001046179-26-000716,1,0001046179,TSM,0002113784,Wu Shien-Yang,1,0,0,SVP,P,2026-10-07,53.0,79.39,4207.67,A,2026-10-08
0001046179-26-000721,1,0001046179,TSM,0002113775,Yoo Chue-San,1,0,0,VP,P,2026-10-07,50.0,79.39,3969.5,A,2026-10-08
0001046179-26-000722,1,0001046179,TSM,0002115263,Zhang Kevin Xiaoqiang,1,0,0,SVP and Deputy Co-COO,P,2026-10-07,59.0,79.39,4684.01,A,2026-10-08
0001046179-26-000723,1,0001046179,TSM,0002113762,Yeap Choh Fei,1,0,0,SVP,P,2026-10-07,52.0,79.39,4128.28,A,2026-10-08
0001046179-26-000724,1,0001046179,TSM,0002114024,Yuan Lipen,1,0,0,VP,P,2026-10-07,40.0,79.39,3175.6,A,2026-10-08
0001104659-26-114788,1,0000004977,AFL,0001783464,"Japan Post Holdings Co., Ltd.",0,0,1,,S,2026-10-06,4168.0,113.23,471942.64,D,2026-10-08
0001104659-26-114788,2,0000004977,AFL,0001783464,"Japan Post Holdings Co., Ltd.",0,0,1,,S,2026-10-06,8882.0,113.61,1009084.02,D,2026-10-08
0001106578-26-000159,1,0001082554,UTHR,0001106578,ROTHBLATT MARTINE A,1,1,0,Chairperson & CEO,M,2026-10-07,9500.0,117.76,1118720.0,A,2026-10-08
0001106578-26-000159,2,0001082554,UTHR,0001106578,ROTHBLATT MARTINE A,1,1,0,Chairperson & CEO,S,2026-10-07,176.0,542.7339,95521.17,D,2026-10-08
0001106578-26-000159,3,0001082554,UTHR,0001106578,ROTHBLATT MARTINE A,1,1,0,Chairperson & CEO,S,2026-10-07,744.0,543.7592,404556.84,D,2026-10-08
0001106578-26-000159,4,0001082554,UTHR,0001106578,ROTHBLATT MARTINE A,1,1,0,Chairperson & CEO,S,2026-10-07,2098.0,544.8212,1143034.88,D,2026-10-08
0001106578-26-000159,5,0001082554,UTHR,0001106578,ROTHBLATT MARTINE A,1,1,0,Chairperson & CEO,S,2026-10-07,493.0,545.8505,269104.3,D,2026-10-08
0001106578-26-000159,6,0001082554,UTHR,0001106578,ROTHBLATT MARTINE A,1,1,0,Chairperson & CEO,S,2026-10-07,629.0,546.9442,344027.9,D,2026-10-08
0001106578-26-000159,7,0001082554,UTHR,0001106578,ROTHBLATT MARTINE A,1,1,0,Chairperson & CEO,S,2026-10-07,387.0,548.177,212144.5,D,2026-10-08
0001106578-26-000159,8,0001082554,UTHR,0001106578,ROTHBLATT MARTINE A,1,1,0,Chairperson & CEO,S,2026-10-07,1173.0,549.1301,644129.61,D,2026-10-08
0001106578-26-000159,9,0001082554,UTHR,0001106578,ROTHBLATT MARTINE A,1,1,0,Chairperson & CEO,S,2026-10-07,874.0,550.1356,480818.51,D,2026-10-08
0001106578-26-000159,10,0001082554,UTHR,0001106578,ROTHBLATT MARTINE A,1,1,0,Chairperson & CEO,S,2026-10-07,486.0,551.0942,267831.78,D,2026-10-08
0001106578-26-000159,11,0001082554,UTHR,0001106578,ROTHBLATT MARTINE A,1,1,0,Chairperson & CEO,S,2026-10-07,440.0,552.2949,243009.76,D,2026-10-08
0001106578-26-000159,12,0001082554,UTHR,0001106578,ROTHBLATT MARTINE A,1,1,0,Chairperson & CEO,S,2026-10-07,185.0,553.7019,102434.85,D,2026-10-08
0001106578-26-000159,13,0001082554,UTHR,0001106578,ROTHBLATT MARTINE A,1,1,0,Chairperson & CEO,S,2026-10-07,485.0,554.5126,268938.61,D,2026-10-08
0001106578-26-000159,14,0001082554,UTHR,0001106578,ROTHBLATT MARTINE A,1,1,0,Chairperson & CEO,S,2026-10-07,930.0,555.7726,516868.52,D,2026-10-08
0001106578-26-000159,15,0001082554,UTHR,0001106578,ROTHBLATT MARTINE A,1,1,0,Chairperson & CEO,S,2026-10-07,400.0,556.4848,222593.92,D,2026-10-08
0001140361-26-039154,1,0001724965,TALO,0001273693,Control Empresarial de Capitales S.A. de C.V.,0,0,1,,S,2026-10-06,480000.0,16.9596,8140608.0,D,2026-10-08
0001140361-26-039158,1,0000320193,AAPL,0001780525,Newstead Jennifer,1,0,0,"SVP, GC and Government Affairs",S,2026-10-06,2399.0,332.01,796491.99,D,2026-10-08
0001159036-26-000139,1,0001159036,HALO,0001662521,Connaughton Bernadette,0,1,0,,A,2026-05-05,3796.0,0.0,0.0,A,2026-10-08
0001159036-26-000140,1,0001159036,HALO,0001528185,Torley Helen,1,1,0,PRESIDENT AND CEO,M,2026-10-06,20000.0,18.41,368200.0,A,2026-10-08
0001159036-26-000140,2,0001159036,HALO,0001528185,Torley Helen,1,1,0,PRESIDENT AND CEO,S,2026-10-06,2300.0,107.902,248174.6,D,2026-10-08
0001159036-26-000140,3,0001159036,HALO,0001528185,Torley Helen,1,1,0,PRESIDENT AND CEO,S,2026-10-06,6000.0,109.334,656004.0,D,2026-10-08
0001159036-26-000140,4,0001159036,HALO,0001528185,Torley Helen,1,1,0,PRESIDENT AND CEO,S,2026-10-06,9920.0,109.891,1090118.72,D,2026-10-08
0001159036-26-000140,5,0001159036,HALO,0001528185,Torley Helen,1,1,0,PRESIDENT AND CEO,S,2026-10-06,1780.0,110.812,197245.36,D,2026-10-08
0001159036-26-000140,6,0001159036,HALO,0001528185,Torley Helen,1,1,0,PRESIDENT AND CEO,M,2026-10-07,20000.0,18.41,368200.0,A,2026-10-08
0001159036-26-000140,7,0001159036,HALO,0001528185,Torley Helen,1,1,0,PRESIDENT AND CEO,S,2026-10-07,8600.0,111.031,954866.6,D,2026-10-08
0001159036-26-000140,8,0001159036,HALO,0001528185,Torley Helen,1,1,0,PRESIDENT AND CEO,S,2026-10-07,10300.0,111.839,1151941.7,D,2026-10-08
0001159036-26-000140,9,0001159036,HALO,0001528185,Torley Helen,1,1,0,PRESIDENT AND CEO,S,2026-10-07,900.0,112.78,101502.0,D,2026-10-08
0001159036-26-000140,10,0001159036,HALO,0001528185,Torley Helen,1,1,0,PRESIDENT AND CEO,S,2026-10-07,200.0,113.693,22738.6,D,2026-10-08
0001159036-26-000140,11,0001159036,HALO,0001528185,Torley Helen,1,1,0,PRESIDENT AND CEO,M,2026-10-08,20000.0,18.41,368200.0,A,2026-10-08
0001159036-26-000140,12,0001159036,HALO,0001528185,Torley Helen,1,1,0,PRESIDENT AND CEO,S,2026-10-08,4810.0,108.179,520340.99,D,2026-10-08
0001159036-26-000140,13,0001159036,HALO,0001528185,Torley Helen,1,1,0,PRESIDENT AND CEO,S,2026-10-08,3090.0,108.908,336525.72,D,2026-10-08
0001159036-26-000140,14,0001159036,HALO,0001528185,Torley Helen,1,1,0,PRESIDENT AND CEO,S,2026-10-08,11900.0,109.995,1308940.5,D,2026-10-08
0001159036-26-000140,15,0001159036,HALO,0001528185,Torley Helen,1,1,0,PRESIDENT AND CEO,S,2026-10-08,200.0,110.51,22102.0,D,2026-10-08
0001177609-26-000065,1,0001177609,FIVE,0001682440,Sullivan Daniel,1,0,0,Chief Financial Officer,F,2026-10-06,2006.0,209.92,421099.52,D,2026-10-08
0001177609-26-000066,1,0001177609,FIVE,0002090220,Israel Michelle Lee,1,0,0,Chief Merchandising Officer,F,2026-10-06,64.0,209.92,13434.88,D,2026-10-08
0001193125-26-417595,1,0001068851,PB,0001136856,HOLMES NED S,0,1,0,,S,2026-10-07,500.0,65.7829,32891.45,D,2026-10-08
0001193125-26-417595,2,0001068851,PB,0001136856,HOLMES NED S,0,1,0,,S,2026-10-07,500.0,65.7818,32890.9,D,2026-10-08
0001193125-26-417595,3,0001068851,PB,0001136856,HOLMES NED S,0,1,0,,S,2026-10-07,100.0,65.8112,6581.12,D,2026-10-08
0001193125-26-417967,1,0001571996,DELL,0001672565,"Silver Lake Technology Investors IV, L.P.",0,1,1,,M,2026-10-06,1036.0,,,A,2026-10-08
0001193125-26-417967,2,0001571996,DELL,0001672565,"Silver Lake Technology Investors IV, L.P.",0,1,1,,S,2026-10-06,101.0,571.9,57761.9,D,2026-10-08
0001193125-26-417967,3,0001571996,DELL,0001672565,"Silver Lake Technology Investors IV, L.P.",0,1,1,,S,2026-10-06,111.0,572.5,63547.5,D,2026-10-08
0001193125-26-417967,4,0001571996,DELL,0001672565,"Silver Lake Technology Investors IV, L.P.",0,1,1,,S,2026-10-06,126.0,573.77,72295.02,D,2026-10-08
0001193125-26-417967,5,0001571996,DELL,0001672565,"Silver Lake Technology Investors IV, L.P.",0,1,1,,S,2026-10-06,159.0,574.66,91370.94,D,2026-10-08
0001193125-26-417967,6,0001571996,DELL,0001672565,"Silver Lake Technology Investors IV, L.P.",0,1,1,,S,2026-10-06,175.0,575.59,100728.25,D,2026-10-08
0001193125-26-417967,7,0001571996,DELL,0001672565,"Silver Lake Technology Investors IV, L.P.",0,1,1,,S,2026-10-06,124.0,576.68,71508.32,D,2026-10-08
0001193125-26-417967,8,0001571996,DELL,0001672565,"Silver Lake Technology Investors IV, L.P.",0,1,1,,S,2026-10-06,58.0,577.84,33514.72,D,2026-10-08
0001193125-26-417967,9,0001571996,DELL,0001672565,"Silver Lake Technology Investors IV, L.P.",0,1,1,,S,2026-10-06,92.0,578.66,53236.72,D,2026-10-08
0001193125-26-417967,10,0001571996,DELL,0001672565,"Silver Lake Technology Investors IV, L.P.",0,1,1,,S,2026-10-06,63.0,579.63,36516.69,D,2026-10-08
0001193125-26-417967,11,0001571996,DELL,0001672565,"Silver Lake Technology Investors IV, L.P.",0,1,1,,S,2026-10-06,15.0,580.21,8703.15,D,2026-10-08
0001193125-26-417967,12,0001571996,DELL,0001672565,"Silver Lake Technology Investors IV, L.P.",0,1,1,,S,2026-10-06,11.0,580.76,6388.36,D,2026-10-08
0001193125-26-417968,1,0001571996,DELL,0001737659,"Silver Lake Partners V DE (AIV), L.P.",0,1,1,,M,2026-10-06,38106.0,,,A,2026-10-08
0001193125-26-417968,2,0001571996,DELL,0001737659,"Silver Lake Partners V DE (AIV), L.P.",0,1,1,,S,2026-10-06,2575.0,571.9,1472642.5,D,2026-10-08
0001193125-26-417968,3,0001571996,DELL,0001737659,"Silver Lake Partners V DE (AIV), L.P.",0,1,1,,S,2026-10-06,2856.0,572.5,1635060.0,D,2026-10-08
0001193125-26-417968,4,0001571996,DELL,0001737659,"Silver Lake Partners V DE (AIV), L.P.",0,1,1,,S,2026-10-06,3237.0,573.77,1857293.49,D,2026-10-08
0001193125-26-417968,5,0001571996,DELL,0001737659,"Silver Lake Partners V DE (AIV), L.P.",0,1,1,,S,2026-10-06,4073.0,574.66,2340590.18,D,2026-10-08
0001193125-26-417968,6,0001571996,DELL,0001737659,"Silver Lake Partners V DE (AIV), L.P.",0,1,1,,S,2026-10-06,4496.0,575.59,2587852.64,D,2026-10-08
0001193125-26-417968,7,0001571996,DELL,0001737659,"Silver Lake Partners V DE (AIV), L.P.",0,1,1,,S,2026-10-06,3177.0,576.68,1832112.36,D,2026-10-08
0001193125-26-417968,8,0001571996,DELL,0001737659,"Silver Lake Partners V DE (AIV), L.P.",0,1,1,,S,2026-10-06,1474.0,577.84,851736.16,D,2026-10-08
0001193125-26-417968,9,0001571996,DELL,0001737659,"Silver Lake Partners V DE (AIV), L.P.",0,1,1,,S,2026-10-06,2361.0,578.66,1366216.26,D,2026-10-08
0001193125-26-417968,10,0001571996,DELL,0001737659,"Silver Lake Partners V DE (AIV), L.P.",0,1,1,,S,2026-10-06,1611.0,579.63,933783.93,D,2026-10-08
0001193125-26-417968,11,0001571996,DELL,0001737659,"Silver Lake Partners V DE (AIV), L.P.",0,1,1,,S,2026-10-06,386.0,580.21,223961.06,D,2026-10-08
0001193125-26-417968,12,0001571996,DELL,0001737659,"Silver Lake Partners V DE (AIV), L.P.",0,1,1,,S,2026-10-06,293.0,580.76,170162.68,D,2026-10-08
0001193125-26-417972,1,0001571996,DELL,0001767114,"SL SPV-2, L.P.",0,1,1,,M,2026-10-06,68576.0,,,A,2026-10-08
0001193125-26-417972,2,0001571996,DELL,0001767114,"SL SPV-2, L.P.",0,1,1,,S,2026-10-06,4495.0,571.9,2570690.5,D,2026-10-08
0001193125-26-417972,3,0001571996,DELL,0001767114,"SL SPV-2, L.P.",0,1,1,,S,2026-10-06,4984.0,572.5,2853340.0,D,2026-10-08
0001193125-26-417972,4,0001571996,DELL,0001767114,"SL SPV-2, L.P.",0,1,1,,S,2026-10-06,5651.0,573.77,3242374.27,D,2026-10-08
0001193125-26-417972,5,0001571996,DELL,0001767114,"SL SPV-2, L.P.",0,1,1,,S,2026-10-06,7109.0,574.66,4085257.94,D,2026-10-08
0001193125-26-417972,6,0001571996,DELL,0001767114,"SL SPV-2, L.P.",0,1,1,,S,2026-10-06,7847.0,575.59,4516654.73,D,2026-10-08
0001193125-26-417972,7,0001571996,DELL,0001767114,"SL SPV-2, L.P.",0,1,1,,S,2026-10-06,5545.0,576.68,3197690.6,D,2026-10-08
0001193125-26-417972,8,0001571996,DELL,0001767114,"SL SPV-2, L.P.",0,1,1,,S,2026-10-06,2572.0,577.84,1486204.48,D,2026-10-08
0001193125-26-417972,9,0001571996,DELL,0001767114,"SL SPV-2, L.P.",0,1,1,,S,2026-10-06,4122.0,578.66,2385236.52,D,2026-10-08
0001193125-26-417972,10,0001571996,DELL,0001767114,"SL SPV-2, L.P.",0,1,1,,S,2026-10-06,2813.0,579.63,1630499.19,D,2026-10-08
0001193125-26-417972,11,0001571996,DELL,0001767114,"SL SPV-2, L.P.",0,1,1,,S,2026-10-06,674.0,580.21,391061.54,D,2026-10-08
0001193125-26-417972,12,0001571996,DELL,0001767114,"SL SPV-2, L.P.",0,1,1,,S,2026-10-06,511.0,580.76,296768.36,D,2026-10-08
0001193125-26-417973,1,0001889539,CRBG,0000905591,NIPPON LIFE INSURANCE CO,0,0,1,,P,2026-10-06,116345.0,35.2323,4099101.94,A,2026-10-08
0001193125-26-417975,1,0001571996,DELL,0001735863,"Silver Lake Technology Investors V, L.P.",0,1,1,,M,2026-10-06,467.0,,,A,2026-10-08
0001193125-26-417975,2,0001571996,DELL,0001735863,"Silver Lake Technology Investors V, L.P.",0,1,1,,S,2026-10-06,45.0,571.9,25735.5,D,2026-10-08
0001193125-26-417975,3,0001571996,DELL,0001735863,"Silver Lake Technology Investors V, L.P.",0,1,1,,S,2026-10-06,50.0,572.5,28625.0,D,2026-10-08
0001193125-26-417975,4,0001571996,DELL,0001735863,"Silver Lake Technology Investors V, L.P.",0,1,1,,S,2026-10-06,57.0,573.77,32704.89,D,2026-10-08
0001193125-26-417975,5,0001571996,DELL,0001735863,"Silver Lake Technology Investors V, L.P.",0,1,1,,S,2026-10-06,72.0,574.66,41375.52,D,2026-10-08
0001193125-26-417975,6,0001571996,DELL,0001735863,"Silver Lake Technology Investors V, L.P.",0,1,1,,S,2026-10-06,79.0,575.59,45471.61,D,2026-10-08
0001193125-26-417975,7,0001571996,DELL,0001735863,"Silver Lake Technology Investors V, L.P.",0,1,1,,S,2026-10-06,56.0,576.68,32294.08,D,2026-10-08
0001193125-26-417975,8,0001571996,DELL,0001735863,"Silver Lake Technology Investors V, L.P.",0,1,1,,S,2026-10-06,26.0,577.84,15023.84,D,2026-10-08
0001193125-26-417975,9,0001571996,DELL,0001735863,"Silver Lake Technology Investors V, L.P.",0,1,1,,S,2026-10-06,42.0,578.66,24303.72,D,2026-10-08
0001193125-26-417975,10,0001571996,DELL,0001735863,"Silver Lake Technology Investors V, L.P.",0,1,1,,S,2026-10-06,28.0,579.63,16229.64,D,2026-10-08
0001193125-26-417975,11,0001571996,DELL,0001735863,"Silver Lake Technology Investors V, L.P.",0,1,1,,S,2026-10-06,7.0,580.21,4061.47,D,2026-10-08
0001193125-26-417975,12,0001571996,DELL,0001735863,"Silver Lake Technology Investors V, L.P.",0,1,1,,S,2026-10-06,5.0,580.76,2903.8,D,2026-10-08
0001193125-26-417976,1,0001571996,DELL,0001552054,"Silver Lake Partners IV, L.P.",0,1,1,,M,2026-10-06,70397.0,,,A,2026-10-08
0001193125-26-417976,2,0001571996,DELL,0001552054,"Silver Lake Partners IV, L.P.",0,1,1,,S,2026-10-06,4913.0,571.9,2809744.7,D,2026-10-08
0001193125-26-417976,3,0001571996,DELL,0001552054,"Silver Lake Partners IV, L.P.",0,1,1,,S,2026-10-06,5448.0,572.5,3118980.0,D,2026-10-08
0001193125-26-417976,4,0001571996,DELL,0001552054,"Silver Lake Partners IV, L.P.",0,1,1,,S,2026-10-06,6177.0,573.77,3544177.29,D,2026-10-08
0001193125-26-417976,5,0001571996,DELL,0001552054,"Silver Lake Partners IV, L.P.",0,1,1,,S,2026-10-06,7771.0,574.66,4465682.86,D,2026-10-08
0001193125-26-417976,6,0001571996,DELL,0001552054,"Silver Lake Partners IV, L.P.",0,1,1,,S,2026-10-06,8578.0,575.59,4937411.02,D,2026-10-08
0001193125-26-417976,7,0001571996,DELL,0001552054,"Silver Lake Partners IV, L.P.",0,1,1,,S,2026-10-06,6062.0,576.68,3495834.16,D,2026-10-08
0001193125-26-417976,8,0001571996,DELL,0001552054,"Silver Lake Partners IV, L.P.",0,1,1,,S,2026-10-06,2812.0,577.84,1624886.08,D,2026-10-08
0001193125-26-417976,9,0001571996,DELL,0001552054,"Silver Lake Partners IV, L.P.",0,1,1,,S,2026-10-06,4505.0,578.66,2606863.3,D,2026-10-08
0001193125-26-417976,10,0001571996,DELL,0001552054,"Silver Lake Partners IV, L.P.",0,1,1,,S,2026-10-06,3075.0,579.63,1782362.25,D,2026-10-08
0001193125-26-417976,11,0001571996,DELL,0001552054,"Silver Lake Partners IV, L.P.",0,1,1,,S,2026-10-06,736.0,580.21,427034.56,D,2026-10-08
0001193125-26-417976,12,0001571996,DELL,0001552054,"Silver Lake Partners IV, L.P.",0,1,1,,S,2026-10-06,559.0,580.76,324644.84,D,2026-10-08
0001193125-26-417976,13,0001571996,DELL,0001552054,"Silver Lake Partners IV, L.P.",0,1,1,,S,2026-10-06,3600.0,572.5,2061000.0,D,2026-10-08
0001193125-26-418024,1,0001618732,NTNX,0001483009,RAMASWAMI RAJIV,1,1,0,Chief Executive Officer,S,2026-10-06,179490.0,73.3509,13165753.04,D,2026-10-08
0001193125-26-418024,2,0001618732,NTNX,0001483009,RAMASWAMI RAJIV,1,1,0,Chief Executive Officer,S,2026-10-06,145465.0,73.8415,10741353.8,D,2026-10-08
0001193125-26-418024,3,0001618732,NTNX,0001483009,RAMASWAMI RAJIV,1,1,0,Chief Executive Officer,S,2026-10-07,75045.0,74.0,5553330.0,D,2026-10-08
0001193125-26-418032,1,0000912615,URBN,0000940569,HAYNE RICHARD A,1,1,1,CEO & Chairman of the Board,G,2026-10-07,236.0,0.0,0.0,D,2026-10-08
0001193125-26-418034,1,0000912615,URBN,0001426604,Hayne Margaret,1,1,0,Co-President & CCO,G,2026-10-07,236.0,0.0,0.0,D,2026-10-08
0001193125-26-418094,1,0001812364,RLAY,0001818261,Catinazzo Thomas,1,0,0,Chief Financial Officer,S,2026-10-06,17511.0,18.58,325354.38,D,2026-10-08
0001193125-26-418094,2,0001812364,RLAY,0001818261,Catinazzo Thomas,1,0,0,Chief Financial Officer,S,2026-10-06,206.0,19.26,3967.56,D,2026-10-08
0001193125-26-418096,1,0001812364,RLAY,0001816210,Patel Sanjiv,1,1,0,President and CEO,S,2026-10-07,48199.0,18.1,872401.9,D,2026-10-08
0001193125-26-418101,1,0001674416,CRSP,0001708172,KASINGER JAMES R.,1,0,0,General Counsel and Secretary,M,2026-10-06,1990.0,13.62,27103.8,A,2026-10-08
0001193125-26-418101,2,0001674416,CRSP,0001708172,KASINGER JAMES R.,1,0,0,General Counsel and Secretary,S,2026-10-06,1990.0,60.0408,119481.19,D,2026-10-08
0001193125-26-418151,1,0000920760,LEN,0001550029,Banse Amy,0,1,0,,A,2026-10-07,15.0,76.13,1141.95,A,2026-10-08
0001193125-26-418153,1,0000920760,LEN,0001346705,McClure Teri P,0,1,0,,A,2026-10-07,15.0,76.13,1141.95,A,2026-10-08
0001193125-26-418158,1,0000920760,LEN,0001495318,Gilliam Theron I,0,1,0,,A,2026-10-07,15.0,76.13,1141.95,A,2026-10-08
0001193125-26-418161,1,0000920760,LEN,0001796495,Wolfe Serena,0,1,0,,A,2026-10-07,15.0,76.13,1141.95,A,2026-10-08
0001193125-26-418166,1,0000920760,LEN,0001994213,Smith Dacona,0,1,0,,A,2026-10-07,15.0,76.13,1141.95,A,2026-10-08
0001193125-26-418168,1,0000920760,LEN,0001208993,HUDSON SHERRILL W,0,1,0,,A,2026-10-07,15.0,76.13,1141.95,A,2026-10-08
0001193125-26-418171,1,0002041610,SKYD,0002158819,Jobs Laurene Powell,0,1,0,,A,2026-10-06,20833333.0,12.0,249999996.0,A,2026-10-08
0001193125-26-418176,1,0000920760,LEN,0001259739,SONNENFELD JEFFREY,0,1,0,,A,2026-10-07,21.0,76.13,1598.73,A,2026-10-08
0001193125-26-418179,1,0000920760,LEN,0001201282,OLIVERA ARMANDO J,0,1,0,,A,2026-10-07,24.0,76.13,1827.12,A,2026-10-08
0001201917-26-000004,1,0001510599,PDI,0001201917,FLATTUM DAVID C,0,1,0,,P,2026-10-06,17448.13,14.3,249508.26,A,2026-10-08
0001225208-26-008325,1,0000039368,FUL,0001033284,BAILLY R JEFFREY,0,1,0,,P,2026-10-07,10000.0,50.0,500000.0,A,2026-10-08
0001225208-26-008327,1,0000940944,DRI,0001821092,Martin Melvin John,1,0,0,Group President,S,2026-10-06,2209.0,202.61,447565.49,D,2026-10-08
0001225208-26-008335,1,0002041610,SKYD,0001856363,Delrahim Makan,1,0,0,Chief Legal Officer,M,2026-10-06,150000.0,0.0,0.0,A,2026-10-08
0001225208-26-008338,1,0001099800,EW,0002004380,Lippis Daniel J.,1,0,0,"CVP, TAVR",M,2026-10-08,619.0,72.68,44988.92,A,2026-10-08
0001225208-26-008338,2,0001099800,EW,0002004380,Lippis Daniel J.,1,0,0,"CVP, TAVR",S,2026-10-08,619.0,85.65,53017.35,D,2026-10-08
0001279714-26-000031,1,0002030781,SAIL,0001279714,CAROLAN BRIAN,1,0,0,Chief Financial Officer,S,2026-10-06,25268.0,20.2676,512121.72,D,2026-10-08
0001279714-26-000031,2,0002030781,SAIL,0001279714,CAROLAN BRIAN,1,0,0,Chief Financial Officer,S,2026-10-06,3271.0,21.0303,68790.11,D,2026-10-08
0001279714-26-000031,3,0002030781,SAIL,0001279714,CAROLAN BRIAN,1,0,0,Chief Financial Officer,S,2026-10-07,52619.0,19.7098,1037109.97,D,2026-10-08
0001279714-26-000031,4,0002030781,SAIL,0001279714,CAROLAN BRIAN,1,0,0,Chief Financial Officer,S,2026-10-07,203.0,20.44,4149.32,D,2026-10-08
0001292814-26-004870,1,0001471055,BSBR,0002122845,de Magalhaes Ricardo Olivare,1,0,0,Officer w/o Specific Desig,A,2026-09-30,7145.0,,,A,2026-10-08
0001309192-26-000013,1,0001441683,APPN,0001309192,Calkins Matthew W,1,1,1,CEO and President,S,2026-10-07,32600.0,37.32,1216632.0,D,2026-10-08
0001309192-26-000013,2,0001441683,APPN,0001309192,Calkins Matthew W,1,1,1,CEO and President,S,2026-10-07,12400.0,37.97,470828.0,D,2026-10-08
0001437749-26-032381,1,0001777921,AVPT,0001865783,Brown Brian Michael,1,1,0,Chief Legal Officer,S,2026-10-06,28894.0,15.15,437744.1,D,2026-10-08
0001439598-26-000006,1,0001616533,PENG,0001439598,Cumming Stephen,1,0,0,SVP and CFO,A,2026-10-06,33502.0,0.0,0.0,A,2026-10-08
0001474432-26-000099,1,0001474432,P,0001511893,Yen Mallun,0,1,0,,S,2026-10-06,3899.0,145.95,569059.05,D,2026-10-08
0001474432-26-000099,2,0001474432,P,0001511893,Yen Mallun,0,1,0,,S,2026-10-06,3860.0,146.99,567381.4,D,2026-10-08
0001474432-26-000099,3,0001474432,P,0001511893,Yen Mallun,0,1,0,,S,2026-10-06,3883.0,147.84,574062.72,D,2026-10-08
0001474432-26-000099,4,0001474432,P,0001511893,Yen Mallun,0,1,0,,S,2026-10-06,300.0,148.55,44565.0,D,2026-10-08
0001581760-26-000169,1,0001581760,LIF,0001932626,Haro Alex,0,1,0,,M,2026-10-06,50000.0,2.53,126500.0,A,2026-10-08
0001581760-26-000169,2,0001581760,LIF,0001932626,Haro Alex,0,1,0,,S,2026-10-06,48608.0,41.41,2012857.28,D,2026-10-08
0001581760-26-000169,3,0001581760,LIF,0001932626,Haro Alex,0,1,0,,S,2026-10-06,1392.0,42.36,58965.12,D,2026-10-08
0001596532-26-000239,1,0001596532,ANET,0001850596,Breithaupt Chantelle Yvette,1,0,0,"Senior Vice President, CFO",S,2026-10-06,1224.0,215.0,263160.0,D,2026-10-08
0001596532-26-000240,1,0001596532,ANET,0001605809,Ullal Jayshree,1,1,0,CEO and Chairperson,S,2026-10-06,13179.0,211.3602,2785516.08,D,2026-10-08
0001596532-26-000240,2,0001596532,ANET,0001605809,Ullal Jayshree,1,1,0,CEO and Chairperson,S,2026-10-06,51805.0,212.2662,10996450.49,D,2026-10-08
0001596532-26-000240,3,0001596532,ANET,0001605809,Ullal Jayshree,1,1,0,CEO and Chairperson,S,2026-10-06,781.0,213.0637,166402.75,D,2026-10-08
0001596532-26-000240,4,0001596532,ANET,0001605809,Ullal Jayshree,1,1,0,CEO and Chairperson,S,2026-10-06,13179.0,211.3602,2785516.08,D,2026-10-08
0001596532-26-000240,5,0001596532,ANET,0001605809,Ullal Jayshree,1,1,0,CEO and Chairperson,S,2026-10-06,51805.0,212.2662,10996450.49,D,2026-10-08
0001596532-26-000240,6,0001596532,ANET,0001605809,Ullal Jayshree,1,1,0,CEO and Chairperson,S,2026-10-06,781.0,213.0637,166402.75,D,2026-10-08
0001596532-26-000240,7,0001596532,ANET,0001605809,Ullal Jayshree,1,1,0,CEO and Chairperson,S,2026-10-06,65897.0,211.3602,13928003.1,D,2026-10-08
0001596532-26-000240,8,0001596532,ANET,0001605809,Ullal Jayshree,1,1,0,CEO and Chairperson,S,2026-10-06,259045.0,212.2662,54986497.78,D,2026-10-08
0001596532-26-000240,9,0001596532,ANET,0001605809,Ullal Jayshree,1,1,0,CEO and Chairperson,S,2026-10-06,3902.0,213.0637,831374.56,D,2026-10-08
0001610717-26-000434,1,0001676725,IDYA,0001649119,Hata Yujiro S,1,1,0,President and CEO,M,2026-10-06,26338.0,4.31,113516.78,A,2026-10-08
0001610717-26-000434,2,0001676725,IDYA,0001649119,Hata Yujiro S,1,1,0,President and CEO,S,2026-10-06,25538.0,37.3869,954786.65,D,2026-10-08
0001610717-26-000434,3,0001676725,IDYA,0001649119,Hata Yujiro S,1,1,0,President and CEO,S,2026-10-06,800.0,38.2626,30610.08,D,2026-10-08
0001614838-26-000024,1,0001428336,HQY,0001614838,Neeleman Stephen,1,1,0,FOUNDER AND VICE CHAIRMAN,F,2026-10-06,1095.0,91.1553,99815.05,D,2026-10-08
0001628280-26-065454,1,0001466258,TT,0001715932,Regnery David S,1,1,0,Chair and CEO,M,2026-10-06,48091.0,78.97,3797746.27,A,2026-10-08
0001628280-26-065454,2,0001466258,TT,0001715932,Regnery David S,1,1,0,Chair and CEO,S,2026-10-06,48091.0,480.0,23083680.0,D,2026-10-08
0001628280-26-065462,1,0000730272,RGEN,0002104618,Douglass Brian Robb,1,0,0,CHIEF PRODUCT OFFICER,A,2026-10-06,700.0,0.0,0.0,A,2026-10-08
0001628280-26-065469,1,0001441816,MDB,0001339247,Hazard Charles M Jr,0,1,0,,S,2026-10-06,595.0,363.85,216490.75,D,2026-10-08
0001638683-26-000020,1,0001428336,HQY,0001638683,Lucania James M,1,0,0,EVP & CFO,F,2026-10-06,2822.0,91.1553,257240.26,D,2026-10-08
0001683056-26-000024,1,0001428336,HQY,0001683056,Ladd Delano,1,0,0,"EVP, General Counsel",F,2026-10-06,1080.0,91.1553,98447.72,D,2026-10-08
0001694672-26-000004,1,0001748790,AMCR,0001694672,Galvez Jean-Marc,1,0,0,See Remarks,M,2026-10-06,38155.2,0.0,0.0,A,2026-10-08
0001694672-26-000004,2,0001748790,AMCR,0001694672,Galvez Jean-Marc,1,0,0,See Remarks,F,2026-10-06,9279.0,41.8,387862.2,D,2026-10-08
0001715537-26-000018,1,0001428336,HQY,0001715537,Cutler Scott,1,1,0,President and CEO,F,2026-10-06,1230.0,91.1553,112121.02,D,2026-10-08
0001722498-26-000034,1,0002030781,SAIL,0001722498,McClain Mark D.,1,1,0,Chief Executive Officer,S,2026-10-06,91986.0,20.2676,1864335.45,D,2026-10-08
0001722498-26-000034,2,0002030781,SAIL,0001722498,McClain Mark D.,1,1,0,Chief Executive Officer,S,2026-10-06,11907.0,21.0303,250407.78,D,2026-10-08
0001722498-26-000034,3,0002030781,SAIL,0001722498,McClain Mark D.,1,1,0,Chief Executive Officer,S,2026-10-07,114913.0,19.7098,2264912.25,D,2026-10-08
0001722498-26-000034,4,0002030781,SAIL,0001722498,McClain Mark D.,1,1,0,Chief Executive Officer,S,2026-10-07,443.0,20.44,9054.92,D,2026-10-08
0001769628-26-000446,1,0001769628,CRWV,0002058038,Agrawal Nitin,1,0,0,Chief Financial Officer,S,2026-10-06,3.0,88.6,265.8,D,2026-10-08
0001769628-26-000447,1,0001769628,CRWV,0001561290,Boone Karen,0,1,0,,M,2026-10-06,1460.0,,,A,2026-10-08
0001778564-26-000179,1,0001535527,CRWD,0001778564,Kurtz George,1,1,0,PRESIDENT AND CEO,S,2026-10-06,120.0,277.02,33242.4,D,2026-10-08
0001778564-26-000179,2,0001535527,CRWD,0001778564,Kurtz George,1,1,0,PRESIDENT AND CEO,S,2026-10-06,1200.0,278.35,334020.0,D,2026-10-08
0001778564-26-000179,3,0001535527,CRWD,0001778564,Kurtz George,1,1,0,PRESIDENT AND CEO,S,2026-10-06,3800.0,279.1,1060580.0,D,2026-10-08
0001778564-26-000179,4,0001535527,CRWD,0001778564,Kurtz George,1,1,0,PRESIDENT AND CEO,S,2026-10-06,600.0,280.32,168192.0,D,2026-10-08
0001778564-26-000179,5,0001535527,CRWD,0001778564,Kurtz George,1,1,0,PRESIDENT AND CEO,S,2026-10-06,1880.0,281.35,528938.0,D,2026-10-08
0001778564-26-000179,6,0001535527,CRWD,0001778564,Kurtz George,1,1,0,PRESIDENT AND CEO,S,2026-10-06,1199.0,282.21,338369.79,D,2026-10-08
0001778564-26-000179,7,0001535527,CRWD,0001778564,Kurtz George,1,1,0,PRESIDENT AND CEO,S,2026-10-06,361.0,283.23,102246.03,D,2026-10-08
0001778564-26-000179,8,0001535527,CRWD,0001778564,Kurtz George,1,1,0,PRESIDENT AND CEO,S,2026-10-06,320.0,284.3,90976.0,D,2026-10-08
0001778564-26-000179,9,0001535527,CRWD,0001778564,Kurtz George,1,1,0,PRESIDENT AND CEO,S,2026-10-06,337.0,285.45,96196.65,D,2026-10-08
0001778564-26-000179,10,0001535527,CRWD,0001778564,Kurtz George,1,1,0,PRESIDENT AND CEO,S,2026-10-06,183.0,286.3,52392.9,D,2026-10-08
0001778564-26-000179,11,0001535527,CRWD,0001778564,Kurtz George,1,1,0,PRESIDENT AND CEO,S,2026-10-07,2066.0,265.15,547799.9,D,2026-10-08
0001778564-26-000179,12,0001535527,CRWD,0001778564,Kurtz George,1,1,0,PRESIDENT AND CEO,S,2026-10-07,564.0,266.15,150108.6,D,2026-10-08
0001778564-26-000179,13,0001535527,CRWD,0001778564,Kurtz George,1,1,0,PRESIDENT AND CEO,S,2026-10-07,1295.0,267.26,346101.7,D,2026-10-08
0001778564-26-000179,14,0001535527,CRWD,0001778564,Kurtz George,1,1,0,PRESIDENT AND CEO,S,2026-10-07,1020.0,268.09,273451.8,D,2026-10-08
0001778564-26-000179,15,0001535527,CRWD,0001778564,Kurtz George,1,1,0,PRESIDENT AND CEO,S,2026-10-07,1670.0,269.22,449597.4,D,2026-10-08
0001778564-26-000179,16,0001535527,CRWD,0001778564,Kurtz George,1,1,0,PRESIDENT AND CEO,S,2026-10-07,1160.0,270.14,313362.4,D,2026-10-08
0001778564-26-000179,17,0001535527,CRWD,0001778564,Kurtz George,1,1,0,PRESIDENT AND CEO,S,2026-10-07,640.0,271.18,173555.2,D,2026-10-08
0001778564-26-000179,18,0001535527,CRWD,0001778564,Kurtz George,1,1,0,PRESIDENT AND CEO,S,2026-10-07,200.0,272.38,54476.0,D,2026-10-08
0001778564-26-000179,19,0001535527,CRWD,0001778564,Kurtz George,1,1,0,PRESIDENT AND CEO,S,2026-10-07,280.0,273.45,76566.0,D,2026-10-08
0001778564-26-000179,20,0001535527,CRWD,0001778564,Kurtz George,1,1,0,PRESIDENT AND CEO,S,2026-10-07,800.0,274.9,219920.0,D,2026-10-08
0001778564-26-000179,21,0001535527,CRWD,0001778564,Kurtz George,1,1,0,PRESIDENT AND CEO,S,2026-10-07,305.0,276.25,84256.25,D,2026-10-08
0001780664-26-000037,1,0001478320,ADPT,0001780664,RUBINSTEIN JULIE,1,0,0,President and COO,M,2026-10-06,11881.0,12.14,144235.34,A,2026-10-08
0001780664-26-000037,2,0001478320,ADPT,0001780664,RUBINSTEIN JULIE,1,0,0,President and COO,S,2026-10-06,9381.0,27.36,256664.16,D,2026-10-08
0001780664-26-000037,3,0001478320,ADPT,0001780664,RUBINSTEIN JULIE,1,0,0,President and COO,S,2026-10-06,1100.0,28.21,31031.0,D,2026-10-08
0001780664-26-000037,4,0001478320,ADPT,0001780664,RUBINSTEIN JULIE,1,0,0,President and COO,S,2026-10-06,901.0,29.71,26768.71,D,2026-10-08
0001780664-26-000037,5,0001478320,ADPT,0001780664,RUBINSTEIN JULIE,1,0,0,President and COO,S,2026-10-06,499.0,30.53,15234.47,D,2026-10-08
0001780664-26-000037,6,0001478320,ADPT,0001780664,RUBINSTEIN JULIE,1,0,0,President and COO,M,2026-10-07,11881.0,12.14,144235.34,A,2026-10-08
0001780664-26-000037,7,0001478320,ADPT,0001780664,RUBINSTEIN JULIE,1,0,0,President and COO,S,2026-10-07,11881.0,26.4,313658.4,D,2026-10-08
0001780664-26-000037,8,0001478320,ADPT,0001780664,RUBINSTEIN JULIE,1,0,0,President and COO,M,2026-10-08,11881.0,12.14,144235.34,A,2026-10-08
0001780664-26-000037,9,0001478320,ADPT,0001780664,RUBINSTEIN JULIE,1,0,0,President and COO,S,2026-10-08,11881.0,25.66,304866.46,D,2026-10-08
0001786883-26-000033,1,0002030781,SAIL,0001786883,Mills Matt,1,0,0,President,S,2026-10-06,33842.0,20.2676,685896.12,D,2026-10-08
0001786883-26-000033,2,0002030781,SAIL,0001786883,Mills Matt,1,0,0,President,S,2026-10-06,4381.0,21.0303,92133.74,D,2026-10-08
0001786883-26-000033,3,0002030781,SAIL,0001786883,Mills Matt,1,0,0,President,S,2026-10-07,42279.0,19.7098,833310.63,D,2026-10-08
0001786883-26-000033,4,0002030781,SAIL,0001786883,Mills Matt,1,0,0,President,S,2026-10-07,163.0,20.44,3331.72,D,2026-10-08
0001805284-26-000114,1,0001805284,RKT,0001820672,Brown Brian Nicholas,1,0,0,President  & Chief Fin Officer,F,2026-10-07,16112.0,11.59,186738.08,D,2026-10-08
0001805284-26-000115,1,0001805284,RKT,0002017416,Edwards Noah A.,1,0,0,Chief Accounting Officer,F,2026-10-07,2302.0,11.59,26680.18,D,2026-10-08
0001805284-26-000116,1,0001805284,RKT,0002028260,Lovier Heather M.,1,0,0,Chief Operating Officer,F,2026-10-07,8056.0,11.59,93369.04,D,2026-10-08
0001805284-26-000117,1,0001805284,RKT,0002028108,Banfield William D.,1,0,0,Chief Business Officer,F,2026-10-07,8056.0,11.59,93369.04,D,2026-10-08
0001805284-26-000118,1,0001805284,RKT,0002028112,Malhotra Shawn,1,0,0,Chief Technology Officer,F,2026-10-07,13751.0,11.59,159374.09,D,2026-10-08
0001805284-26-000119,1,0001805284,RKT,0001828806,Mildenhall Jonathan,1,0,0,Chief Marketing Officer,F,2026-10-07,12860.0,11.59,149047.4,D,2026-10-08
0001810845-26-000004,1,0001649749,FBK,0001810845,Mettee Michael M.,1,0,0,CFO & COO,F,2026-10-01,586.0,52.09,30524.74,D,2026-10-08
0001820482-26-000033,1,0002030781,SAIL,0001820482,Schmitt Christopher,1,0,0,General Counsel and Secretary,S,2026-10-06,18631.0,20.2676,377605.66,D,2026-10-08
0001820482-26-000033,2,0002030781,SAIL,0001820482,Schmitt Christopher,1,0,0,General Counsel and Secretary,S,2026-10-06,2412.0,21.0303,50725.08,D,2026-10-08
0001820482-26-000033,3,0002030781,SAIL,0001820482,Schmitt Christopher,1,0,0,General Counsel and Secretary,S,2026-10-07,23277.0,19.7098,458785.01,D,2026-10-08
0001820482-26-000033,4,0002030781,SAIL,0001820482,Schmitt Christopher,1,0,0,General Counsel and Secretary,S,2026-10-07,90.0,20.44,1839.6,D,2026-10-08
0001820885-26-000025,1,0001478320,ADPT,0001820885,BOBULSKY SUSAN,1,0,0,"Chief Commercial Officer, MRD",S,2026-10-06,6444.0,30.0,193320.0,D,2026-10-08
0001821737-26-000016,1,0001640147,SNOW,0001821737,Dageville Benoit,0,1,0,,S,2026-10-07,50000.0,333.42,16671000.0,D,2026-10-08
0001821737-26-000016,2,0001640147,SNOW,0001821737,Dageville Benoit,0,1,0,,G,2026-10-07,16668.0,0.0,0.0,D,2026-10-08
0001839931-26-000006,1,0001067294,CBRL,0001839931,Hoffmeister Bruce,1,0,0,"SVP, Chief Information Officer",A,2026-09-18,11096.0,0.0,0.0,A,2026-10-08
0001880864-26-000028,1,0001782170,RELY,0001880864,Hug Joshua,0,1,0,,S,2026-10-06,5500.0,23.18,127490.0,D,2026-10-08
0001880864-26-000028,2,0001782170,RELY,0001880864,Hug Joshua,0,1,0,,S,2026-10-07,5500.0,23.07,126885.0,D,2026-10-08
0001886367-26-000027,1,0000104169,WMT,0001886367,Watkins Latriece,1,0,0,Executive Vice President,F,2026-10-06,227.113,105.07,23862.76,D,2026-10-08
0001887616-26-000024,1,0001819989,CIFR,0001887616,Kelly Patrick Arthur,1,0,0,Co-President and COO,M,2026-09-30,33967.0,,,A,2026-10-08
0001887616-26-000024,2,0001819989,CIFR,0001887616,Kelly Patrick Arthur,1,0,0,Co-President and COO,F,2026-09-30,17341.0,15.83,274508.03,D,2026-10-08
0001887616-26-000024,3,0001819989,CIFR,0001887616,Kelly Patrick Arthur,1,0,0,Co-President and COO,M,2026-09-30,29611.0,,,A,2026-10-08
0001887616-26-000024,4,0001819989,CIFR,0001887616,Kelly Patrick Arthur,1,0,0,Co-President and COO,F,2026-09-30,15117.0,15.83,239302.11,D,2026-10-08
0001887616-26-000024,5,0001819989,CIFR,0001887616,Kelly Patrick Arthur,1,0,0,Co-President and COO,M,2026-09-30,76427.0,,,A,2026-10-08
0001887616-26-000024,6,0001819989,CIFR,0001887616,Kelly Patrick Arthur,1,0,0,Co-President and COO,F,2026-09-30,39016.0,15.83,617623.28,D,2026-10-08
0001887623-26-000021,1,0001819989,CIFR,0001887623,Page Tyler,1,1,0,Chief Executive Officer,M,2026-09-30,113225.0,,,A,2026-10-08
0001887623-26-000021,2,0001819989,CIFR,0001887623,Page Tyler,1,1,0,Chief Executive Officer,F,2026-09-30,57802.0,15.83,915005.66,D,2026-10-08
0001887623-26-000021,3,0001819989,CIFR,0001887623,Page Tyler,1,1,0,Chief Executive Officer,M,2026-09-30,105285.0,,,A,2026-10-08
0001887623-26-000021,4,0001819989,CIFR,0001887623,Page Tyler,1,1,0,Chief Executive Officer,F,2026-09-30,53748.0,15.83,850830.84,D,2026-10-08
0001887623-26-000021,5,0001819989,CIFR,0001887623,Page Tyler,1,1,0,Chief Executive Officer,M,2026-09-30,254756.0,,,A,2026-10-08
0001887623-26-000021,6,0001819989,CIFR,0001887623,Page Tyler,1,1,0,Chief Executive Officer,F,2026-09-30,130053.0,15.83,2058738.99,D,2026-10-08
0001887627-26-000012,1,0001819989,CIFR,0001887627,Iwaschuk William,1,0,0,Co-President and CLO,M,2026-09-30,33967.0,,,A,2026-10-08
0001887627-26-000012,2,0001819989,CIFR,0001887627,Iwaschuk William,1,0,0,Co-President and CLO,F,2026-09-30,18784.0,15.83,297350.72,D,2026-10-08
0001887627-26-000012,3,0001819989,CIFR,0001887627,Iwaschuk William,1,0,0,Co-President and CLO,M,2026-09-30,29611.0,,,A,2026-10-08
0001887627-26-000012,4,0001819989,CIFR,0001887627,Iwaschuk William,1,0,0,Co-President and CLO,F,2026-09-30,16375.0,15.83,259216.25,D,2026-10-08
0001887627-26-000012,5,0001819989,CIFR,0001887627,Iwaschuk William,1,0,0,Co-President and CLO,M,2026-09-30,76427.0,,,A,2026-10-08
0001887627-26-000012,6,0001819989,CIFR,0001887627,Iwaschuk William,1,0,0,Co-President and CLO,F,2026-09-30,42265.0,15.83,669054.95,D,2026-10-08
0001917246-26-000012,1,0002030781,SAIL,0001917246,REZVAN MITRA,1,0,0,Chief Accounting Officer,S,2026-10-06,2298.0,20.2676,46574.94,D,2026-10-08
0001917246-26-000012,2,0002030781,SAIL,0001917246,REZVAN MITRA,1,0,0,Chief Accounting Officer,S,2026-10-06,298.0,21.0303,6267.03,D,2026-10-08
0001917246-26-000012,3,0002030781,SAIL,0001917246,REZVAN MITRA,1,0,0,Chief Accounting Officer,S,2026-10-07,4474.0,19.7098,88181.65,D,2026-10-08
0001917246-26-000012,4,0002030781,SAIL,0001917246,REZVAN MITRA,1,0,0,Chief Accounting Officer,S,2026-10-07,17.0,20.44,347.48,D,2026-10-08
0001940494-26-000008,1,0001692819,VST,0001940494,Moldovan Kristopher E.,1,0,0,EVP and CFO,S,2026-10-07,20000.0,165.0,3300000.0,D,2026-10-08
0001988473-26-000005,1,0001649749,FBK,0001988473,HICKMAN MARK,1,0,0,Chief Human Resources Officer,F,2026-10-01,1140.0,52.09,59382.6,D,2026-10-08
0002016116-26-000024,1,0001428336,HQY,0002016116,Fiore Michael Henry,0,0,0,,F,2026-10-06,2032.0,91.1553,185227.57,D,2026-10-08
0002018516-26-000005,1,0001649749,FBK,0002018516,TANSIL SCOTT J.,1,0,0,Chief Bus. & Operations Off.,F,2026-10-01,145.0,52.09,7553.05,D,2026-10-08
0002052444-26-000034,1,0002030781,SAIL,0002052444,Payne Abby,1,0,0,Chief People Officer,S,2026-10-06,16766.0,20.2676,339806.58,D,2026-10-08
0002052444-26-000034,2,0002030781,SAIL,0002052444,Payne Abby,1,0,0,Chief People Officer,S,2026-10-06,2170.0,21.0303,45635.75,D,2026-10-08
0002052444-26-000034,3,0002030781,SAIL,0002052444,Payne Abby,1,0,0,Chief People Officer,S,2026-10-07,20946.0,19.7098,412841.47,D,2026-10-08
0002052444-26-000034,4,0002030781,SAIL,0002052444,Payne Abby,1,0,0,Chief People Officer,S,2026-10-07,81.0,20.44,1655.64,D,2026-10-08
0002058309-26-000019,1,0000104169,WMT,0002058309,Dallaire Seth,1,0,0,Executive Vice President,F,2026-10-06,386.619,105.07,40622.06,D,2026-10-08
0002058357-26-000033,1,0002030781,SAIL,0002058357,Gnanasambandam Chandrasekar,1,0,0,EVP Product & CTO,S,2026-10-06,11579.0,20.2676,234678.54,D,2026-10-08
0002058357-26-000033,2,0002030781,SAIL,0002058357,Gnanasambandam Chandrasekar,1,0,0,EVP Product & CTO,S,2026-10-06,1499.0,21.0303,31524.42,D,2026-10-08
0002058357-26-000033,3,0002030781,SAIL,0002058357,Gnanasambandam Chandrasekar,1,0,0,EVP Product & CTO,S,2026-10-07,22522.0,19.7098,443904.12,D,2026-10-08
0002058357-26-000033,4,0002030781,SAIL,0002058357,Gnanasambandam Chandrasekar,1,0,0,EVP Product & CTO,S,2026-10-07,87.0,20.44,1778.28,D,2026-10-08
0002064832-26-000329,1,0001804176,BFLY,0001258790,DEVIVO JOSEPH,1,1,0,President & CEO,S,2026-10-06,35790.0,10.02,358615.8,D,2026-10-08
0002076763-26-000011,1,0001428336,HQY,0002076763,Gathright Michael,1,0,0,Chief Customer Officer,F,2026-10-06,662.0,91.1553,60344.81,D,2026-10-08
0002090886-26-000010,1,0001819989,CIFR,0002090886,Mumford Gregory J.D.,1,0,0,Chief Financial Officer,M,2026-09-30,17109.0,,,A,2026-10-08
0002090886-26-000010,2,0001819989,CIFR,0002090886,Mumford Gregory J.D.,1,0,0,Chief Financial Officer,F,2026-09-30,6895.0,15.83,109147.85,D,2026-10-08
0002110304-26-000023,1,0000104169,WMT,0002110304,Guggina David W,1,0,0,Executive Vice President,F,2026-10-06,117.725,105.07,12369.37,D,2026-10-08
0002110643-26-000020,1,0000104169,WMT,0002110643,Milum Dwayne M,1,0,0,SVP & Controller,F,2026-10-06,121.609,105.07,12777.46,D,2026-10-08
0002122411-26-000002,1,0000901832,AZN,0002122411,Sharma Mani,1,0,0,See remarks,A,2026-10-06,2.0,159.8,319.6,A,2026-10-08
0002143073-26-000007,1,0000067347,MOD,0002143073,Mahan Michael Bernard,1,0,0,"President, Commercial HVAC",A,2026-07-13,915.0,0.0,0.0,A,2026-10-08
0002146790-26-000017,1,0001849056,OKLO,0002146790,Narayanadas Vivek,1,0,0,General Counsel & Secretary,S,2026-10-06,288.0,37.29,10739.52,D,2026-10-08
0002153898-26-000002,1,0001477720,ASAN,0002153898,Le Heather Tram,1,0,0,Chief Accounting Officer,A,2026-10-05,106838.0,0.0,0.0,A,2026-10-08
